checkpoint_index,family,seed,system_id,fractional_bleu4,bleu_0_100,empty_count,empty_rate,hyp_tokens,ref_tokens,hyp_ref_token_ratio,brevity_penalty,precision_1,precision_2,precision_3,precision_4,signature
0,original,,GT-v1,0.12777148564612426,12.777148564612425,0,0.0,7863,8444,0.9311937470393179,0.9287735072561253,37.034210860994534,15.20354472445306,9.238717520133719,6.885521885521886,BLEU|nrefs:1|case:mixed|eff:no|tok:13a|smooth:exp|version:2.5.1
0,original,,PT-v1,0.015942094217904,1.5942094217904001,0,0.0,7577,8444,0.8973235433443866,0.8918786178888708,18.965289692490433,2.1770472895040367,0.6354249404289118,0.38910505836575876,BLEU|nrefs:1|case:mixed|eff:no|tok:13a|smooth:exp|version:2.5.1
0,original,,TN-PTCOMP-v1,0.1886461448492505,18.86461448492505,0,0.0,7793,8444,0.922903837044055,0.9198575047083088,50.391376876684205,24.46868008948546,14.544616802334511,9.863713798977853,BLEU|nrefs:1|case:mixed|eff:no|tok:13a|smooth:exp|version:2.5.1
0,original,,TN-PURE-v1,0.23788737054472034,23.788737054472033,0,0.0,7754,8444,0.918285172903837,0.9148580799316398,60.58808356977044,31.98369183185716,18.974042027194066,12.433544846510033,BLEU|nrefs:1|case:mixed|eff:no|tok:13a|smooth:exp|version:2.5.1
1,matched,1001,TN-PURE-v1,0.0836393710346201,8.36393710346201,0,0.0,7042,8444,0.8339649455234486,0.819475180602399,33.34280034081227,10.82643336978597,6.493055555555555,4.629810509865208,BLEU|nrefs:1|case:mixed|eff:no|tok:13a|smooth:exp|version:2.5.1
2,matched,1102,GT-v1,0.08883666259551064,8.883666259551063,0,0.0,7868,8444,0.9317858834675509,0.9294075574208801,31.367564819522116,10.377750103777501,6.0734892195566355,4.222035323801514,BLEU|nrefs:1|case:mixed|eff:no|tok:13a|smooth:exp|version:2.5.1
2,matched,1102,PT-v1,0.02163603911599342,2.163603911599342,0,0.0,8094,8444,0.9585504500236854,0.9576796920610684,20.854954287126265,2.9920837246746275,0.9541984732824428,0.4375303840544482,BLEU|nrefs:1|case:mixed|eff:no|tok:13a|smooth:exp|version:2.5.1
2,matched,1102,TN-PTCOMP-v1,0.07849153953147404,7.849153953147404,0,0.0,7843,8444,0.9288252013263856,0.9262335697370232,30.0267754685707,9.164121077478478,5.258344764517604,3.564189189189189,BLEU|nrefs:1|case:mixed|eff:no|tok:13a|smooth:exp|version:2.5.1
2,matched,1102,TN-PURE-v1,0.0778450494759812,7.784504947598119,0,0.0,7479,8444,0.8857176693510185,0.8789494030382955,30.846369835539512,9.73968996782685,5.4703888978538,3.7437005039596833,BLEU|nrefs:1|case:mixed|eff:no|tok:13a|smooth:exp|version:2.5.1
3,matched,1203,GT-v1,0.09123061546213379,9.123061546213378,0,0.0,7464,8444,0.8839412600663192,0.8769573743306862,32.502679528403,11.431921442180858,6.615981882885798,4.76448294531673,BLEU|nrefs:1|case:mixed|eff:no|tok:13a|smooth:exp|version:2.5.1
3,matched,1203,PT-v1,0.021722488681722586,2.1722488681722587,0,0.0,7397,8444,0.8760066319279962,0.8680170955894945,20.738137082601053,3.241563055062167,1.0302534750613246,0.5663134819145049,BLEU|nrefs:1|case:mixed|eff:no|tok:13a|smooth:exp|version:2.5.1
3,matched,1203,TN-PTCOMP-v1,0.08526551292643175,8.526551292643175,0,0.0,7525,8444,0.8911653244907627,0.8850366292504256,31.362126245847175,10.400929692039512,6.038763415024828,4.373438057836487,BLEU|nrefs:1|case:mixed|eff:no|tok:13a|smooth:exp|version:2.5.1
3,matched,1203,TN-PURE-v1,0.08527977044806632,8.527977044806633,0,0.0,7193,8444,0.8518474656560872,0.8403648905098273,32.76796885861254,11.095848595848596,6.409605952984949,4.550625711035267,BLEU|nrefs:1|case:mixed|eff:no|tok:13a|smooth:exp|version:2.5.1
4,matched,1304,GT-v1,0.09405618871537998,9.405618871537998,0,0.0,8036,8444,0.9516816674561819,0.9504958072874106,31.470881035340966,10.791075050709939,6.322179449215279,4.465892360543105,BLEU|nrefs:1|case:mixed|eff:no|tok:13a|smooth:exp|version:2.5.1
1,matched,101,GT-v1,0.08570669944354581,8.57066994435458,0,0.0,7559,8444,0.8951918522027476,0.8895149376549085,31.445958460113772,10.219716681121712,6.021985024693325,4.453513129879347,BLEU|nrefs:1|case:mixed|eff:no|tok:13a|smooth:exp|version:2.5.1
1,matched,101,PT-v1,0.022733428195000117,2.273342819500012,0,0.0,8367,8444,0.9908810990052108,0.990839395746361,21.130632245727263,3.015790836137717,1.0016930022573363,0.43410852713178294,BLEU|nrefs:1|case:mixed|eff:no|tok:13a|smooth:exp|version:2.5.1
1,matched,101,TN-PTCOMP-v1,0.07923110257078299,7.923110257078299,0,0.0,7612,8444,0.901468498342018,0.8964604494585604,29.545454545454547,9.252617988810787,5.545023696682464,4.02531200562489,BLEU|nrefs:1|case:mixed|eff:no|tok:13a|smooth:exp|version:2.5.1
1,matched,101,TN-PURE-v1,0.08654601488057759,8.654601488057759,0,0.0,7390,8444,0.87517764092847,0.8670790159583316,30.554803788903925,10.297821899540672,6.4833005893909625,4.865556978233035,BLEU|nrefs:1|case:mixed|eff:no|tok:13a|smooth:exp|version:2.5.1
4,matched,1304,PT-v1,0.02063964692944116,2.063964692944116,0,0.0,8115,8444,0.9610374230222644,0.9602686347581072,21.515711645101664,2.8231201498528233,0.9070958302852963,0.38734667527437056,BLEU|nrefs:1|case:mixed|eff:no|tok:13a|smooth:exp|version:2.5.1
4,matched,1304,TN-PTCOMP-v1,0.08575745232806209,8.57574523280621,0,0.0,8085,8444,0.957484604452866,0.9565681762688734,29.882498453927024,9.484148307361634,5.732764956636778,3.9759818240830898,BLEU|nrefs:1|case:mixed|eff:no|tok:13a|smooth:exp|version:2.5.1
4,matched,1304,TN-PURE-v1,0.08621104541487559,8.62110454148756,0,0.0,7680,8444,0.9095215537659876,0.9053088102722588,30.8203125,10.228725671260122,6.0800250078149425,4.29042904290429,BLEU|nrefs:1|case:mixed|eff:no|tok:13a|smooth:exp|version:2.5.1
5,matched,1405,GT-v1,0.08896592442756582,8.896592442756582,0,0.0,7759,8444,0.9188773093320701,0.9155003132048262,31.49890449800232,10.227592020230402,6.237455612166126,4.437971213159698,BLEU|nrefs:1|case:mixed|eff:no|tok:13a|smooth:exp|version:2.5.1
5,matched,1405,PT-v1,0.013907944821006038,1.3907944821006037,0,0.0,8390,8444,0.9936049265750829,0.9935844345745778,19.761620977353992,2.232546134985159,0.5627462014631401,0.15463120457708365,BLEU|nrefs:1|case:mixed|eff:no|tok:13a|smooth:exp|version:2.5.1
5,matched,1405,TN-PTCOMP-v1,0.0836518252205025,8.365182522050251,0,0.0,7850,8444,0.9296541923259118,0.9271232283738255,30.15286624203822,9.266195033985296,5.785627283800244,4.099881896406276,BLEU|nrefs:1|case:mixed|eff:no|tok:13a|smooth:exp|version:2.5.1
5,matched,1405,TN-PURE-v1,0.08174425348124247,8.174425348124247,0,0.0,7481,8444,0.8859545239223117,0.8792147440941416,31.613420665686405,9.722222222222221,5.952572995644458,4.084202950701691,BLEU|nrefs:1|case:mixed|eff:no|tok:13a|smooth:exp|version:2.5.1
6,matched,707,GT-v1,0.07735319125964384,7.735319125964383,0,0.0,7568,8444,0.896257697773567,0.8906973991625469,29.571881606765327,9.16702757326404,5.408845052497614,3.8795394154118688,BLEU|nrefs:1|case:mixed|eff:no|tok:13a|smooth:exp|version:2.5.1
6,matched,707,PT-v1,0.016397121146948825,1.6397121146948825,0,0.0,7749,8444,0.917693036475604,0.9142154692692878,19.396051103368176,2.2791221159257176,0.7576929024277099,0.30895983522142123,BLEU|nrefs:1|case:mixed|eff:no|tok:13a|smooth:exp|version:2.5.1
6,matched,707,TN-PTCOMP-v1,0.07206275209405738,7.206275209405738,0,0.0,7458,8444,0.8832306963524396,0.8761595884763064,29.753285063019575,8.625495085814874,5.035621761658031,3.5411020776874436,BLEU|nrefs:1|case:mixed|eff:no|tok:13a|smooth:exp|version:2.5.1
2,matched,202,GT-v1,0.08813481380113622,8.813481380113622,0,0.0,7445,8444,0.8816911416390336,0.8744291407413756,33.10946944257891,11.008230452674898,6.279409378549408,4.509235784136183,BLEU|nrefs:1|case:mixed|eff:no|tok:13a|smooth:exp|version:2.5.1
2,matched,202,PT-v1,0.01839717731997939,1.839717731997939,0,0.0,7618,8444,0.9021790620558977,0.8972440245015305,22.15804673142557,3.1962161387415793,0.8363578980590185,0.29840266807091453,BLEU|nrefs:1|case:mixed|eff:no|tok:13a|smooth:exp|version:2.5.1
2,matched,202,TN-PTCOMP-v1,0.07535200905033085,7.535200905033085,0,0.0,7480,8444,0.8858360966366651,0.8790820812916428,31.08288770053476,9.32884924696593,5.307307630262946,3.507825148407987,BLEU|nrefs:1|case:mixed|eff:no|tok:13a|smooth:exp|version:2.5.1
2,matched,202,TN-PURE-v1,0.07834329183278861,7.834329183278861,0,0.0,7131,8444,0.8445049739459971,0.8318312788439126,32.29561071378488,10.49306625577812,5.89844417849205,3.936251920122888,BLEU|nrefs:1|case:mixed|eff:no|tok:13a|smooth:exp|version:2.5.1
6,matched,707,TN-PURE-v1,0.0755020811279375,7.550208112793751,0,0.0,7216,8444,0.8545712932259593,0.843515177572903,30.543237250554323,9.490494296577946,5.6622851365015165,3.9108256187417343,BLEU|nrefs:1|case:mixed|eff:no|tok:13a|smooth:exp|version:2.5.1
7,matched,808,GT-v1,0.07711924850736943,7.711924850736942,0,0.0,7757,8444,0.9186404547607769,0.9152434651711017,28.70955266211164,8.839235525576166,5.22007722007722,3.805279396640384,BLEU|nrefs:1|case:mixed|eff:no|tok:13a|smooth:exp|version:2.5.1
7,matched,808,PT-v1,0.011046598201822166,1.1046598201822166,0,0.0,8440,8444,0.9995262908574135,0.999526178639523,14.087677725118484,1.1027054750609053,0.44705224923162895,0.21482277121374865,BLEU|nrefs:1|case:mixed|eff:no|tok:13a|smooth:exp|version:2.5.1
7,matched,808,TN-PTCOMP-v1,0.06899871760718937,6.899871760718937,0,0.0,7934,8444,0.9396020843202274,0.937742101778902,27.048147214519787,7.678595913890032,4.464822609741431,3.160871735152221,BLEU|nrefs:1|case:mixed|eff:no|tok:13a|smooth:exp|version:2.5.1
7,matched,808,TN-PURE-v1,0.06837589120937708,6.837589120937708,0,0.0,7357,8444,0.8712695405021317,0.8626463685945761,28.63939105613701,8.53186420488386,4.823045267489712,3.349282296650718,BLEU|nrefs:1|case:mixed|eff:no|tok:13a|smooth:exp|version:2.5.1
8,matched,909,GT-v1,0.09557633496153743,9.557633496153743,0,0.0,7598,8444,0.8998105163429654,0.8946299670702007,33.27191366148987,11.59982751185856,6.792273590880304,4.969162995594714,BLEU|nrefs:1|case:mixed|eff:no|tok:13a|smooth:exp|version:2.5.1
8,matched,909,PT-v1,0.012687559530425455,1.2687559530425454,0,0.0,7635,8444,0.9041923259118901,0.8994611676962786,20.039292730844792,1.9016299685444666,0.45647725484023294,0.22759103641456582,BLEU|nrefs:1|case:mixed|eff:no|tok:13a|smooth:exp|version:2.5.1
8,matched,909,TN-PTCOMP-v1,0.08832345906866103,8.832345906866102,0,0.0,7531,8444,0.8918758882046424,0.8858282108926864,32.532200239012084,10.725689404934688,6.256,4.527629233511586,BLEU|nrefs:1|case:mixed|eff:no|tok:13a|smooth:exp|version:2.5.1
8,matched,909,TN-PURE-v1,0.09091900447724002,9.091900447724003,0,0.0,7247,8444,0.8582425390810042,0.8477480525092094,34.27625224230716,12.034514078110808,6.72254819782062,4.770848985725019,BLEU|nrefs:1|case:mixed|eff:no|tok:13a|smooth:exp|version:2.5.1
3,matched,303,GT-v1,0.09669858031394363,9.669858031394362,0,0.0,8182,8444,0.9689720511605874,0.9684857491135244,31.31263749694451,10.76780267868983,6.405797101449275,4.601374021409171,BLEU|nrefs:1|case:mixed|eff:no|tok:13a|smooth:exp|version:2.5.1
3,matched,303,PT-v1,0.011300604126781872,1.1300604126781872,0,0.0,8311,8444,0.9842491710090004,0.9841244781564067,18.986884851401758,1.9035202086049543,0.3414425949637217,0.1408891671884784,BLEU|nrefs:1|case:mixed|eff:no|tok:13a|smooth:exp|version:2.5.1
3,matched,303,TN-PTCOMP-v1,0.0870874736244185,8.70874736244185,0,0.0,8029,8444,0.9508526764566556,0.949625452805958,30.937850292689003,9.935029778018409,5.6905749851807945,4.043876882776686,BLEU|nrefs:1|case:mixed|eff:no|tok:13a|smooth:exp|version:2.5.1
3,matched,303,TN-PURE-v1,0.08955862602094034,8.955862602094033,0,0.0,7749,8444,0.917693036475604,0.9142154692692878,32.13317847464189,10.875070343275183,6.216174423998763,4.239615516649502,BLEU|nrefs:1|case:mixed|eff:no|tok:13a|smooth:exp|version:2.5.1
4,matched,404,GT-v1,0.07192823265353802,7.192823265353803,0,0.0,7291,8444,0.8634533396494553,0.8537301038282796,31.298861610204362,9.458646616541353,5.075719753702779,3.3532041728763042,BLEU|nrefs:1|case:mixed|eff:no|tok:13a|smooth:exp|version:2.5.1
4,matched,404,PT-v1,0.02210090221658026,2.210090221658026,0,0.0,7346,8444,0.8699668403600189,0.8611650486167223,21.73972229784917,3.43027591349739,1.0882110469909316,0.5345622119815668,BLEU|nrefs:1|case:mixed|eff:no|tok:13a|smooth:exp|version:2.5.1
4,matched,404,TN-PTCOMP-v1,0.06378929255879413,6.378929255879414,0,0.0,7228,8444,0.8559924206537186,0.8451555015481689,29.78693967902601,8.167602854106574,4.5072317524386145,2.9594721960414705,BLEU|nrefs:1|case:mixed|eff:no|tok:13a|smooth:exp|version:2.5.1
4,matched,404,TN-PURE-v1,0.0682853612603631,6.82853612603631,0,0.0,6931,8444,0.8208195168166745,0.8038885664262787,31.496176597893523,9.348171701112877,5.23986546291379,3.3746006389776357,BLEU|nrefs:1|case:mixed|eff:no|tok:13a|smooth:exp|version:2.5.1
5,matched,505,GT-v1,0.09047195411752906,9.047195411752906,0,0.0,7629,8444,0.9034817621980105,0.8986791503712956,31.35404378031197,10.875787063537492,6.5374921235034655,4.607568325157674,BLEU|nrefs:1|case:mixed|eff:no|tok:13a|smooth:exp|version:2.5.1
5,matched,505,PT-v1,0.008653662417979392,0.8653662417979392,0,0.0,7867,8444,0.9316674561819043,0.9292807772595301,16.05440447438668,1.3285358427899252,0.3492786636294609,0.1009421265141319,BLEU|nrefs:1|case:mixed|eff:no|tok:13a|smooth:exp|version:2.5.1
5,matched,505,TN-PTCOMP-v1,0.07971863680745896,7.971863680745895,0,0.0,7650,8444,0.9059687351965893,0.9014138086995891,29.607843137254903,9.230988728777286,5.621859296482412,3.9811419591409116,BLEU|nrefs:1|case:mixed|eff:no|tok:13a|smooth:exp|version:2.5.1
5,matched,505,TN-PURE-v1,0.08162068683963794,8.162068683963794,0,0.0,7388,8444,0.8749407863571766,0.8668108532364481,30.563075257173796,9.841410997480361,6.0268588273829025,4.336688014638609,BLEU|nrefs:1|case:mixed|eff:no|tok:13a|smooth:exp|version:2.5.1
6,matched,606,GT-v1,0.08089899257323291,8.08989925732329,0,0.0,8048,8444,0.9531027948839412,0.9519861702241443,30.082007952286283,9.261509383016065,5.187703221992314,3.6081632653061226,BLEU|nrefs:1|case:mixed|eff:no|tok:13a|smooth:exp|version:2.5.1
6,matched,606,PT-v1,0.017346485931525133,1.7346485931525133,0,0.0,8287,8444,0.9814069161534817,0.9812329988301927,19.717630022927477,2.628825529688726,0.7994289793004996,0.23570081709616594,BLEU|nrefs:1|case:mixed|eff:no|tok:13a|smooth:exp|version:2.5.1
6,matched,606,TN-PTCOMP-v1,0.07931823201348691,7.93182320134869,0,0.0,8112,8444,0.9606821411653245,0.9598991792055969,29.055719921104536,8.539686788917146,5.168374816983895,3.6354823073194376,BLEU|nrefs:1|case:mixed|eff:no|tok:13a|smooth:exp|version:2.5.1
6,matched,606,TN-PURE-v1,0.08215917530473071,8.215917530473071,0,0.0,7873,8444,0.932378019895784,0.9300412342635732,30.382319319192177,9.430309734513274,5.522682445759369,3.8487394957983194,BLEU|nrefs:1|case:mixed|eff:no|tok:13a|smooth:exp|version:2.5.1
1,matched,1001,GT-v1,0.08630099915826271,8.630099915826271,0,0.0,7384,8444,0.8744670772145903,0.8662743411084399,32.854821235102925,10.603588907014682,6.276630612913799,4.504669474455228,BLEU|nrefs:1|case:mixed|eff:no|tok:13a|smooth:exp|version:2.5.1
1,matched,1001,PT-v1,0.01479003107555472,1.4790031075554722,0,0.0,7341,8444,0.8693747039317858,0.8604910973711365,21.359487808200516,2.8358208955223883,0.7096880673378445,0.20302694721299372,BLEU|nrefs:1|case:mixed|eff:no|tok:13a|smooth:exp|version:2.5.1
1,matched,1001,TN-PTCOMP-v1,0.08187896061541786,8.187896061541785,0,0.0,7319,8444,0.8667693036475604,0.8575210748505181,31.68465637382156,10.017969451931716,6.012920324664568,4.355077835433654,BLEU|nrefs:1|case:mixed|eff:no|tok:13a|smooth:exp|version:2.5.1
